6768e5,::1,POST,http://localhost/EPARK2/web/index_dev.php/home/,1518672256,,200
381cec,::1,GET,http://localhost/EPARK2/web/index_dev.php/projectlist/projectlist,1518672258,,200
fc5ac0,::1,GET,http://localhost/EPARK2/web/index_dev.php/home/,1518672260,,200
da9eb0,::1,GET,http://localhost/EPARK2/web/index_dev.php/projectlist/projectlist,1518672264,,200
99eba4,::1,GET,http://localhost/EPARK2/web/index_dev.php/home/,1518672266,,200
55be4a,::1,GET,http://localhost/EPARK2/web/index_dev.php/home/,1518672267,,200
1f3820,::1,GET,http://localhost/EPARK2/web/index_dev.php/home/,1518673520,,200
513f70,::1,POST,http://localhost/EPARK2/web/index_dev.php/home/,1518673672,,200
efb3a5,::1,GET,http://localhost/EPARK2/web/index_dev.php/AllMembers/AllMembers,1518674559,,200
360c50,::1,GET,http://localhost/EPARK2/web/index_dev.php/projectlist/projectlist,1518674565,,200
a42461,::1,POST,http://localhost/EPARK2/web/index_dev.php/projectlist/EditProject/2018013012094981878,1518674570,,200
2f181d,::1,GET,http://localhost/EPARK2/web/index_dev.php/AddProject/data.json,1518674570,,200
fdae45,::1,GET,http://localhost/EPARK2/web/index_dev.php/AddProject/pmodata.json,1518674570,,200
c9ae3c,::1,GET,http://localhost/EPARK2/web/index_dev.php/AllMembers/AllMembers,1518677413,,200
61721a,::1,GET,http://localhost/EPARK2/web/index_dev.php/AllMembers/AllMembers,1518677450,,200
de2dcb,::1,GET,http://localhost/EPARK2/web/index_dev.php/csvdownload/,1518677457,,200
438b1d,::1,GET,http://localhost/EPARK2/web/index_dev.php/csvdownload/CostInfo,1518677458,,200
b83b9c,::1,GET,http://localhost/EPARK2/web/index_dev.php/csvdownload/,1518677460,,200
19d765,::1,GET,http://localhost/EPARK2/web/index_dev.php/csvdownload/Employee_ID,1518677462,,200
3d55c8,::1,GET,http://localhost/EPARK2/web/index_dev.php/csvdownload/,1518677466,,200
e7734a,::1,GET,http://localhost/EPARK2/web/index_dev.php/csvdownload/ClientHours,1518677468,,200
a5c89b,::1,GET,http://localhost/EPARK2/web/index_dev.php/csvdownload/,1518677470,,200
cf334f,::1,GET,http://localhost/EPARK2/web/index_dev.php/csvdownload/CloseClients,1518677472,,200
5562cf,::1,GET,http://localhost/EPARK2/web/index_dev.php/csvdownload/,1518677484,,200
bc2d37,::1,GET,http://localhost/EPARK2/web/index_dev.php/projectlist/projectlist,1518677489,,200
a74343,::1,GET,http://localhost/EPARK2/web/index_dev.php/AllMembers/AllMembers,1518677495,,200
174c4b,::1,GET,http://localhost/EPARK2/web/index_dev.php/AllMembers/AllMembers,1518677587,,200
17df26,::1,GET,http://localhost/EPARK2/web/index_dev.php/projectlist/projectlist,1518677589,,200
38bfa9,::1,POST,http://localhost/EPARK2/web/index_dev.php/projectlist/projectlist,1518677600,,200
504ae8,::1,POST,http://localhost/EPARK2/web/index_dev.php/projectlist/projectlist,1518677609,,200
763b59,::1,POST,http://localhost/EPARK2/web/index_dev.php/projectlist/projectlist,1518677609,,200
e48fca,::1,POST,http://localhost/EPARK2/web/index_dev.php/projectlist/projectlist,1518677620,,200
28e2b4,::1,POST,http://localhost/EPARK2/web/index_dev.php/projectlist/EditProject/2017110918084518176,1518677627,,200
a6cd81,::1,GET,http://localhost/EPARK2/web/index_dev.php/AddProject/pmodata.json,1518677628,,200
c57b1c,::1,GET,http://localhost/EPARK2/web/index_dev.php/AddProject/data.json,1518677628,,200
40f969,::1,GET,http://localhost/EPARK2/web/index_dev.php/home/,1518677668,,200
4f4af7,::1,POST,http://localhost/EPARK2/web/index_dev.php/home/UpdateUserProject,1518679858,,200
ffacef,::1,GET,http://localhost/EPARK2/web/index_dev.php/home/,1518679859,,200
f6e2c7,::1,POST,http://localhost/EPARK2/web/index_dev.php/home/UpdateUserProject,1518683267,,200
68b84f,::1,GET,http://localhost/EPARK2/web/index_dev.php/home/,1518683269,,200
80367d,::1,GET,http://localhost/EPARK2/web/index_dev.php/projectlist/projectlist,1518683402,,200
8c7153,::1,POST,http://localhost/EPARK2/web/index_dev.php/projectlist/projectlist,1518683448,,200
9fb6eb,::1,POST,http://localhost/EPARK2/web/index_dev.php/projectlist/projectlist,1518683458,,200
ff2ced,::1,POST,http://localhost/EPARK2/web/index_dev.php/projectlist/projectlist,1518683461,,200
3abba1,::1,POST,http://localhost/EPARK2/web/index_dev.php/projectlist/projectlist,1518683479,,200
3822ae,::1,POST,http://localhost/EPARK2/web/index_dev.php/projectlist/projectlist,1518683493,,200
b8159c,::1,GET,http://localhost/EPARK2/web/index_dev.php/,1519006966,,200
f0c692,::1,GET,http://localhost/EPARK2/web/index_dev.php/,1519006968,,200
b3c703,::1,POST,http://localhost/EPARK2/web/index_dev.php/,1519006974,,302
6e57bd,::1,GET,http://localhost/EPARK2/web/index_dev.php/home/,1519007050,,200
ce8692,::1,GET,http://localhost/EPARK2/web/index_dev.php/,1519007062,,200
c3bbdb,::1,POST,http://localhost/EPARK2/web/index_dev.php/,1519007064,,302
8bbd0d,::1,GET,http://localhost/EPARK2/web/index_dev.php/home/,1519007064,,200
45f60e,::1,POST,http://localhost/EPARK2/web/index_dev.php/home/,1519007066,,200
3042eb,::1,POST,http://localhost/EPARK2/web/index_dev.php/home/,1519007068,,200
23c70c,::1,POST,http://localhost/EPARK2/web/index_dev.php/home/CopyProject,1519007072,,500
78e177,::1,GET,http://localhost/EPARK2/web/index_dev.php/projectlist/projectlist,1519007076,,200
0ee28d,::1,GET,http://localhost/EPARK2/web/index_dev.php/AllMembers/AllMembers,1519007078,,200
4e82f1,::1,GET,http://localhost/EPARK2/web/index_dev.php/csvdownload/,1519007080,,200
a7944a,::1,GET,http://localhost/EPARK2/web/index_dev.php/home/,1519007082,,200
e5266e,::1,GET,http://localhost/EPARK2/web/index_dev.php/projectlist/projectlist,1519007084,,200
2a9f39,::1,GET,http://localhost/EPARK2/web/index_dev.php/UploadProject/UploadProject,1519007086,,200
3bf7ff,::1,GET,http://localhost/EPARK2/web/index_dev.php/AllMembers/AllMembers,1519007087,,200
4e8308,::1,GET,http://localhost/EPARK2/web/index_dev.php/AllMembers/AllMembers,1519007236,,200
074a56,::1,GET,http://localhost/EPARK2/web/index_dev.php/home/,1519015096,,200
9ae107,::1,GET,http://localhost/EPARK2/web/index_dev.php/projectlist/projectlist,1519015101,,200
6bb457,::1,GET,http://localhost/EPARK2/web/index_dev.php/AllMembers/AllMembers,1519015103,,200
f13c6e,::1,POST,http://localhost/EPARK2/web/index_dev.php/AllMembers/EditandDeleteMember,1519016573,,302
7075ad,::1,GET,http://localhost/EPARK2/web/index_dev.php/AllMembers/AddMember/0017829,1519016573,,200
a23ca9,::1,GET,http://localhost/EPARK2/web/index_dev.php/AllMembers/AllMembers,1519016578,,200
1fd9e8,::1,GET,http://localhost/EPARK2/web/index_dev.php/AddMembers/AddMembers,1519016733,,200
ad6be2,::1,GET,http://localhost/EPARK2/web/index_dev.php/projectlist/projectlist,1519016748,,200
f840f1,::1,GET,http://localhost/EPARK2/web/index_dev.php/AllMembers/AllMembers,1519016751,,200
1067c8,::1,POST,http://localhost/EPARK2/web/index_dev.php/AllMembers/EditandDeleteMember,1519016754,,302
4268fe,::1,GET,http://localhost/EPARK2/web/index_dev.php/AllMembers/AddMember/0017829,1519016755,,200
5ed7a9,::1,GET,http://localhost/EPARK2/web/index_dev.php/AllMembers/AllMembers,1519016786,,200
51b482,::1,POST,http://localhost/EPARK2/web/index_dev.php/AllMembers/EditandDeleteMember,1519016794,,302
1e44be,::1,GET,http://localhost/EPARK2/web/index_dev.php/AllMembers/AddMember/0017957,1519016794,,200
fdb303,::1,GET,http://localhost/EPARK2/web/index_dev.php/AllMembers/UserExists?AccountId=0017957,1519016830,,200
78850a,::1,GET,http://localhost/EPARK2/web/index_dev.php/AllMembers/AllMembers,1519016963,,200
902f77,::1,POST,http://localhost/EPARK2/web/index_dev.php/AllMembers/EditandDeleteMember,1519016973,,302
7cdf26,::1,GET,http://localhost/EPARK2/web/index_dev.php/AllMembers/AddMember/0017957,1519016973,,200
0c0db4,::1,GET,http://localhost/EPARK2/web/index_dev.php/home/,1519017332,,200
0d07ad,::1,GET,http://localhost/EPARK2/web/index_dev.php/home/,1519017360,,200
0afd6e,::1,POST,http://localhost/EPARK2/web/index_dev.php/home/UpdateUserProject,1519017398,,200
e2351d,::1,GET,http://localhost/EPARK2/web/index_dev.php/home/,1519017400,,200
0c3383,::1,GET,http://localhost/EPARK2/web/index_dev.php/projectlist/projectlist,1519017403,,200
a93e77,::1,GET,http://localhost/EPARK2/web/index_dev.php/AllMembers/AllMembers,1519017404,,200
52577b,::1,GET,http://localhost/EPARK2/web/index_dev.php/home/,1519017407,,200
b15242,::1,GET,http://localhost/EPARK2/web/index_dev.php/AllMembers/AllMembers,1519017615,,200
2f4138,::1,POST,http://localhost/EPARK2/web/index_dev.php/AllMembers/EditandDeleteMember,1519017733,,302
321014,::1,GET,http://localhost/EPARK2/web/index_dev.php/AllMembers/AddMember/0017829,1519017733,,200
aaf43b,::1,GET,http://localhost/EPARK2/web/index_dev.php/AllMembers/AllMembers,1519017762,,200
0835a7,::1,POST,http://localhost/EPARK2/web/index_dev.php/AllMembers/EditandDeleteMember,1519018069,,302
0319ea,::1,GET,http://localhost/EPARK2/web/index_dev.php/AllMembers/AddMember/0017829,1519018070,,200
c37c06,::1,GET,http://localhost/EPARK2/web/index_dev.php/AllMembers/AllMembers,1519018146,,200
d86673,::1,POST,http://localhost/EPARK2/web/index_dev.php/AllMembers/EditandDeleteMember,1519018149,,302
057dca,::1,GET,http://localhost/EPARK2/web/index_dev.php/AllMembers/AddMember/0017829,1519018149,,200
389f5b,::1,GET,http://localhost/EPARK2/web/index_dev.php/AllMembers/AddMember/0017829,1519018212,,200
8b61d7,::1,GET,http://localhost/EPARK2/web/index_dev.php/AllMembers/AllMembers,1519018215,,200
10fc48,::1,POST,http://localhost/EPARK2/web/index_dev.php/AllMembers/EditandDeleteMember,1519018217,,302
2a80c6,::1,GET,http://localhost/EPARK2/web/index_dev.php/AllMembers/AddMember/0017829,1519018217,,200
069b62,::1,GET,http://localhost/EPARK2/web/index_dev.php/AllMembers/AllMembers,1519018231,,200
857cfe,::1,POST,http://localhost/EPARK2/web/index_dev.php/AllMembers/EditandDeleteMember,1519018233,,302
5e0260,::1,GET,http://localhost/EPARK2/web/index_dev.php/AllMembers/AddMember/0017829,1519018234,,200
62baa8,::1,GET,http://localhost/EPARK2/web/index_dev.php/AllMembers/AllMembers,1519018306,,200
22f9e5,::1,POST,http://localhost/EPARK2/web/index_dev.php/AllMembers/EditandDeleteMember,1519018309,,302
ed299b,::1,GET,http://localhost/EPARK2/web/index_dev.php/AllMembers/AddMember/0017829,1519018309,,200
78c8ca,::1,GET,http://localhost/EPARK2/web/index_dev.php/AllMembers/AllMembers,1519018336,,200
ff87ab,::1,POST,http://localhost/EPARK2/web/index_dev.php/AllMembers/EditandDeleteMember,1519018339,,302
9b8057,::1,GET,http://localhost/EPARK2/web/index_dev.php/AllMembers/AddMember/0017829,1519018339,,200
5c4161,::1,GET,http://localhost/EPARK2/web/index_dev.php/AllMembers/AllMembers,1519018376,,200
15766d,::1,POST,http://localhost/EPARK2/web/index_dev.php/AllMembers/EditandDeleteMember,1519018378,,302
aa364c,::1,GET,http://localhost/EPARK2/web/index_dev.php/AllMembers/AddMember/0017829,1519018379,,200
60709e,::1,GET,http://localhost/EPARK2/web/index_dev.php/AllMembers/AllMembers,1519018400,,200
5d8532,::1,POST,http://localhost/EPARK2/web/index_dev.php/AllMembers/EditandDeleteMember,1519018402,,302
0f7500,::1,GET,http://localhost/EPARK2/web/index_dev.php/AllMembers/AddMember/0017829,1519018402,,200
97e5e0,::1,GET,http://localhost/EPARK2/web/index_dev.php/AllMembers/AllMembers,1519018447,,200
49083e,::1,POST,http://localhost/EPARK2/web/index_dev.php/AllMembers/EditandDeleteMember,1519018450,,302
0ef119,::1,GET,http://localhost/EPARK2/web/index_dev.php/AllMembers/AddMember/0017829,1519018450,,200
339ceb,::1,GET,http://localhost/EPARK2/web/index_dev.php/AllMembers/AllMembers,1519018723,,200
9a2932,::1,POST,http://localhost/EPARK2/web/index_dev.php/AllMembers/EditandDeleteMember,1519018736,,302
27d0b9,::1,GET,http://localhost/EPARK2/web/index_dev.php/AllMembers/AddMember/0017829,1519018736,,200
9194ac,::1,GET,http://localhost/EPARK2/web/index_dev.php/AllMembers/AllMembers,1519018896,,200
0da78c,::1,GET,http://localhost/EPARK2/web/index_dev.php/AddMembers/AddMembers,1519019455,,200
5b3310,::1,GET,http://localhost/EPARK2/web/index_dev.php/AllMembers/AllMembers,1519020029,,200
232edc,::1,GET,http://localhost/EPARK2/web/index_dev.php/AddMembers/AddMembers,1519020862,,200
b9f561,::1,POST,http://localhost/EPARK2/web/index_dev.php/UploadCsvMembers/UploadCsvMembers,1519020871,,200
10ee28,::1,POST,http://localhost/EPARK2/web/index_dev.php/UploadCsvMembers/UploadCsvMembers,1519021285,,200
34f8ab,::1,POST,http://localhost/EPARK2/web/index_dev.php/UploadCsvMembers/UploadCsvMembers,1519021321,,500
af8be3,::1,POST,http://localhost/EPARK2/web/index_dev.php/UploadCsvMembers/UploadCsvMembers,1519021429,,200
c38a75,::1,GET,http://localhost/EPARK2/web/index_dev.php/AllMembers/AllMembers,1519021557,,200
418438,::1,GET,http://localhost/EPARK2/web/index_dev.php/AddMembers/AddMembers,1519021559,,200
a2eadf,::1,POST,http://localhost/EPARK2/web/index_dev.php/UploadCsvMembers/UploadCsvMembers,1519021567,,200
35a655,::1,GET,http://localhost/EPARK2/web/index_dev.php/home/,1519021780,,500
b0640e,::1,GET,http://localhost/EPARK2/web/index_dev.php/,1519021789,,200
d59280,::1,POST,http://localhost/EPARK2/web/index_dev.php/,1519021793,,500
738a6c,::1,GET,http://localhost/EPARK2/web/index_dev.php/,1519021827,,200
2640a1,::1,POST,http://localhost/EPARK2/web/index_dev.php/,1519021830,,302
fb8cd4,::1,GET,http://localhost/EPARK2/web/index_dev.php/home/,1519021831,,200
112287,::1,GET,http://localhost/EPARK2/web/index_dev.php/AllMembers/AllMembers,1519021971,,200
ba4c97,::1,GET,http://localhost/EPARK2/web/index_dev.php/AddMembers/AddMembers,1519021973,,200
3a6b68,::1,POST,http://localhost/EPARK2/web/index_dev.php/UploadCsvMembers/UploadCsvMembers,1519021980,,200
563675,::1,GET,http://localhost/EPARK2/web/index_dev.php/AllMembers/AllMembers,1519022042,,200
93dbcb,::1,GET,http://localhost/EPARK2/web/index_dev.php/AddMembers/AddMembers,1519022044,,200
ffd25d,::1,POST,http://localhost/EPARK2/web/index_dev.php/UploadCsvMembers/UploadCsvMembers,1519022050,,200
680073,::1,GET,http://localhost/EPARK2/web/index_dev.php/AllMembers/AllMembers,1519022123,,200
79120e,::1,GET,http://localhost/EPARK2/web/index_dev.php/AddMembers/AddMembers,1519022125,,200
41d6e3,::1,POST,http://localhost/EPARK2/web/index_dev.php/UploadCsvMembers/UploadCsvMembers,1519022135,,200
7e3d02,::1,GET,http://localhost/EPARK2/web/index_dev.php/AllMembers/AllMembers,1519022217,,200
5b19bf,::1,GET,http://localhost/EPARK2/web/index_dev.php/AddMembers/AddMembers,1519022219,,200
da22cd,::1,POST,http://localhost/EPARK2/web/index_dev.php/UploadCsvMembers/UploadCsvMembers,1519022225,,500
cfd224,::1,POST,http://localhost/EPARK2/web/index_dev.php/UploadCsvMembers/UploadCsvMembers,1519022237,,500
230b3a,::1,GET,http://localhost/EPARK2/web/index_dev.php/AddMembers/AddMembers,1519022242,,200
94449c,::1,POST,http://localhost/EPARK2/web/index_dev.php/UploadCsvMembers/UploadCsvMembers,1519022248,,500
e95228,::1,POST,http://localhost/EPARK2/web/index_dev.php/UploadCsvMembers/UploadCsvMembers,1519022374,,200
15a9b8,::1,GET,http://localhost/EPARK2/web/index_dev.php/home/,1519022608,,200
6870a8,::1,GET,http://localhost/EPARK2/web/index_dev.php/AllMembers/AllMembers,1519022609,,200
292d65,::1,GET,http://localhost/EPARK2/web/index_dev.php/AddMembers/AddMembers,1519022611,,200
cf0593,::1,POST,http://localhost/EPARK2/web/index_dev.php/UploadCsvMembers/UploadCsvMembers,1519022651,,200
48958e,::1,GET,http://localhost/EPARK2/web/index_dev.php/AllMembers/AllMembers,1519022905,,200
b6d699,::1,GET,http://localhost/EPARK2/web/index_dev.php/AddMembers/AddMembers,1519022906,,200
be8c19,::1,POST,http://localhost/EPARK2/web/index_dev.php/UploadCsvMembers/UploadCsvMembers,1519022914,,200
0b9149,::1,POST,http://localhost/EPARK2/web/index_dev.php/UploadCsvMembers/UploadCsvMembers,1519023192,,200
c20529,::1,POST,http://localhost/EPARK2/web/index_dev.php/UploadCsvMembers/UploadCsvMembers,1519023264,,200
2d1616,::1,POST,http://localhost/EPARK2/web/index_dev.php/UploadCsvMembers/UploadCsvMembers,1519023398,,200
fc1bd2,::1,POST,http://localhost/EPARK2/web/index_dev.php/UploadCsvMembers/UploadCsvMembers,1519023489,,200
27fd88,::1,GET,http://localhost/EPARK2/web/index_dev.php/csvdownload/,1519024128,,200
a04e0f,::1,GET,http://localhost/EPARK2/web/index_dev.php/home/,1519024131,,200
9bbb03,::1,GET,http://localhost/EPARK2/web/index_dev.php/csvdownload/,1519024132,,200
